update,timesteps,completed_episodes,mean_completed_return,partial_return,policy_loss,value_loss,entropy
1,2048,7,320.72966778187026,116.85686213708054,-0.009729369741398841,192.50373001098632,2.931761568784714
2,4096,3,494.4868922863802,898.1695174126747,-0.015714613877935334,168.98415613174438,2.9313914656639097
3,6144,9,364.0127025243112,38.993256546115205,-0.014956261531915515,202.83543825149536,2.9220772117376326
4,8192,5,410.42751646902605,295.07735460239167,-0.015989150127279573,167.37543239593506,2.9109774440526963
5,10240,6,365.31077646189755,141.12075914220154,-0.008319224213482811,115.06134691238404,2.9061629474163055
6,12288,5,359.37447556676693,592.9208373523118,-0.01048868421348743,132.1609435081482,2.922947236895561
7,14336,6,413.7565549837257,99.88949986456835,-0.009233771677827463,61.89301233291626,2.92677226960659
8,16384,6,326.26576235070326,429.5945160906211,0.010665119488839992,189.23220720291138,2.9183985888957977
9,18432,3,662.495525803337,506.0536270437864,0.00402976602781564,60.27693090438843,2.9400540053844453
10,20480,4,596.9883787808225,257.2675062476525,0.07148955932352692,85.76659169197083,2.917615461349487
11,22528,6,425.5413910570299,232.03630612269671,0.029587785131298006,181.72284202575685,2.935160058736801
12,24576,4,415.88031378234456,546.4262681374527,0.011276503838598729,96.43059523105622,2.9440505862236024
13,26624,11,256.30253981655676,62.523140699404955,-0.012817051960155368,303.6641714096069,2.956807976961136
14,28672,5,301.02353186826804,891.9555503585462,-0.015372030792059376,104.80033044815063,2.964684012532234
15,30720,6,457.8444018514942,498.0853008808782,-0.01574865182628855,85.55441932678222,2.973015895485878
16,32768,5,549.835736870707,27.295812839023277,-0.01508911004930269,58.17236734628678,2.9827912569046022
17,34816,5,410.3054880618236,188.76021480104376,-0.015913732297485696,75.71679844856263,2.9976040691137316
18,36864,6,334.81898041281113,719.6727990659168,-0.018009040370816364,105.58447420597076,3.0124819546937944
19,38912,6,368.6771163087015,848.4044279287704,-0.016137470171088353,202.87914342880248,3.0194511353969573
20,40960,4,578.2426511526656,823.3955793589029,-0.014311332914803642,99.34008615016937,3.021213075518608
21,43008,4,699.7348201754121,574.6647175547314,-0.011457718734163791,12.98927862048149,3.031118932366371
22,45056,3,941.2625873733981,117.94284377863804,0.0006995904201176018,7.32166443169117,3.038031613826752
23,47104,5,515.750298023219,158.82360511320496,-0.014704645849997177,158.31865425109862,3.0131449311971665
24,49152,5,449.0219188015156,130.5221736331603,-0.014410541561665014,142.78988568782808,3.0121655642986296
25,51200,3,587.4538222342891,863.6059574765837,-0.010095763299614192,63.82977811098099,3.0183554768562315
26,53248,5,677.7168903216653,30.219142469467016,-0.013673216907773168,84.29778802394867,3.0216354608535765
27,55296,4,596.0705096435303,97.38988021800881,-0.014365373086184264,19.250075727701187,3.025177702307701
28,57344,3,618.785864939898,821.8477899291606,-0.014022740290965886,43.69845908880234,3.0333675652742387
29,59392,7,410.9250250208823,105.06457399089625,-0.013935589767061173,158.05734567642213,3.043427142500877
30,61440,4,623.0304753112977,75.74640831234905,-0.01658229064778425,18.45617821216583,3.037919157743454
31,63488,4,644.225255502345,7.529294409554049,-0.0114249934500549,71.17948211431504,3.0281620979309083
32,65536,4,517.8336664312602,351.4956526195801,-0.018955074110999705,73.6680361032486,3.0287284016609193
33,67584,6,396.3711694464584,312.22621860954956,-0.014548631326761097,81.83391852378845,3.023957496881485
34,69632,3,606.5085687745303,837.9348765232268,-0.013880401797359809,46.561798858642575,3.0214454919099807
35,71680,9,333.24268634313444,305.4572798736549,-0.015920280892169104,129.70184135437012,3.0185331255197525
36,73728,7,330.86347554420126,527.5683156295241,-0.012762076110811904,179.27796773910524,3.017671975493431
37,75776,4,671.569135750936,224.15454175577543,-0.011040882597444578,82.36237326860427,3.0152662217617037
38,77824,3,829.1026909729738,100.32112727977068,-0.0020307887461967766,9.773958504199982,3.0159280627965925
39,79872,2,939.5821788020935,585.0180301086212,-0.007648717984557152,3.749058350920677,3.0170953273773193
40,81920,4,581.7623820640695,573.0692975341055,-0.008537958626402543,87.50988318920136,3.0110197246074675
41,83968,6,380.4083852867687,741.8510937501309,-0.01600541170628276,58.89263277053833,3.0148656219244003
42,86016,6,461.11219470906616,436.471321212932,-0.017729024798609317,110.36766490936279,3.016781431436539
43,88064,3,714.6507710718993,496.697570369181,-0.006959581939736381,16.127255403995512,3.0159237891435624
44,90112,6,414.9119322343704,315.1951473426274,-0.014777323776797857,163.69757776260377,3.0002820819616316
45,92160,6,364.87870696700594,515.1501122370215,-0.013846052740700544,87.76869995594025,2.9979727268218994
46,94208,5,563.3245384201364,142.5947832207729,-0.017096255178330466,83.12543971538544,3.008288210630417
47,96256,6,389.0069832180605,480.18374439657146,-0.017525868548545986,123.73534369468689,3.0166040152311324
48,98304,4,601.8797237696075,587.4757316753911,-0.017077396748936734,40.274260187149046,3.005218905210495
49,100352,4,732.2843498200126,61.18542833592623,-0.013775019068270921,55.49584085941315,2.982304972410202
50,102400,6,372.35756010364395,123.52074714789688,-0.014325251383706928,136.43949689865113,2.979672741889954
51,104448,4,549.3129286011366,364.631244743542,-0.013078232720727102,87.18987402915954,2.9640308737754824
52,106496,5,454.78188904815306,417.82300755006503,-0.013666082551935688,97.57733850479126,2.9387744784355165
53,108544,7,395.49466090549856,53.1357520336403,-0.015814926545135676,114.92563827037812,2.9376941502094267
54,110592,7,295.557362421826,203.13618347624688,-0.013777715366450139,256.4906273841858,2.9372757732868195
55,112640,4,635.8209795917755,171.1239184805618,-0.018476899643428624,76.35902163982391,2.926441618800163
56,114688,5,411.1040196166071,411.0739836827275,-0.020841668418142945,58.084111618995664,2.916346436738968
57,116736,3,740.8822706883317,627.5139481762131,-0.009670626424485818,17.383265495300293,2.9181734144687654
58,118784,4,609.0551516556926,477.07472073663354,-0.013107813184615225,46.45781695842743,2.911741605401039
59,120832,6,507.76814613541654,63.51125634137401,-0.015957533876644447,79.39162330627441,2.9000370502471924
60,122880,4,560.2504531924302,359.43798177212113,-0.009558423765702173,43.20306658744812,2.9173514038324355
61,124928,3,842.8187373249934,359.44096837075926,-0.00814591174130328,40.516826117038725,2.9439186483621596
62,126976,4,654.0009314945099,184.08623215810556,-0.013016047701239587,55.54823787212372,2.929199141263962
63,129024,5,349.7930229850923,929.3795846855678,-0.015192786871921271,88.18923032283783,2.919389495253563
64,131072,6,569.006788517373,145.29911055598598,-0.01963190415990539,54.73933131694794,2.9162422209978103
65,133120,3,751.8669042223928,119.1956254183638,-0.004575037106405944,17.44865263104439,2.9272692501544952
66,135168,3,700.6018085552323,396.0194549545062,-0.01768317125388421,69.92402896881103,2.9358258098363876
67,137216,6,430.1605528698135,128.2476035062987,-0.018207830615574495,214.01326837539673,2.9364380955696108
68,139264,2,911.9736632180426,903.4894545768823,-0.010110283229732887,57.12023667097092,2.938994437456131
69,141312,4,651.0141069478877,396.82792125242446,-0.013060373277403415,35.58516953736544,2.9454669773578646
70,143360,4,513.4829769323494,1036.6611053328884,-0.015337421640288085,69.5160724401474,2.952283900976181
71,145408,5,636.5982593803607,264.33798077417777,-0.01488094953529071,77.13395167589188,2.9577782183885573
72,147456,2,978.3370126227491,830.7209545497694,-0.0016461443388834595,6.227039295434952,2.9685608446598053
73,149504,5,516.0336538170625,675.8418175678872,0.014747081397217698,88.06129815578461,2.9715420097112655
74,151552,4,592.2777346261546,818.7666220557094,-0.014563194892252796,111.3324558019638,2.9666589468717577
75,153600,5,610.9813718887674,210.52588655006238,-0.015574202756397426,54.32681456804276,2.9576709270477295
76,155648,5,516.9817300546777,116.29028451649248,-0.01287219567457214,81.5521991968155,2.955609694123268
77,157696,4,573.3620314718391,194.86858076727788,-0.011107017094036564,59.089085566997525,2.9572408974170683
78,159744,6,457.5751622344566,142.50961236370495,-0.019142394221853466,79.47223229408264,2.963615784049034
79,161792,2,963.4628352685629,517.709627266362,-0.01362668774672784,15.209122639894485,2.961508423089981
80,163840,4,587.3005874602588,717.852464474306,-0.015202317864168435,66.94471177458763,2.9587904423475266
81,165888,4,710.0958455268334,354.1216400635226,-0.014687386143486946,34.567883425951,2.953851529955864
82,167936,9,298.4931337348663,367.3478192888156,-0.016285676532424985,156.44567003250123,2.9505704671144484
83,169984,5,475.1048796610806,344.07145000508336,-0.014545018912758678,89.26593105792999,2.9391908198595047
84,172032,6,410.2571762774271,190.08283814488868,-0.014812988857738674,112.16721098423004,2.925045582652092
85,174080,4,546.6929281188582,592.626042829132,-0.015897075837710873,89.21298849582672,2.9218938261270524
86,176128,4,675.213359874338,270.0594102590846,-0.01299097859300673,13.795592230558395,2.922453361749649
87,178176,2,903.5779374839483,900.6982306226695,0.0063290288555435835,5.389625737071038,2.9069476038217545
88,180224,6,548.7189120358059,163.3899301811135,-0.010118469747249037,116.85184922218323,2.901729792356491
89,182272,4,642.821365423605,75.61884437977943,-0.007811935862991959,24.896775019168853,2.9053873866796494
90,184320,4,623.3772528095658,183.47976547486473,-0.012703108286950737,43.910207867622375,2.915915012359619
91,186368,6,414.90608840132444,327.84382309669786,-0.01212664947961457,132.2208791732788,2.910942313075066
92,188416,3,716.3140625259258,544.9885413316993,-0.013774092178209685,61.117247140407564,2.9095660001039505
93,190464,3,891.4542745696117,207.72556907225382,-0.004035131586715579,8.244262936711312,2.9147042751312258
94,192512,5,525.4021722019885,262.4468327527887,-0.010170380768249743,43.35098606944084,2.9060769259929655
95,194560,5,399.6468250785737,790.214994655317,-0.016280369652668013,206.27178525924683,2.9002825766801834
96,196608,4,733.612627580802,479.3642578642346,-0.016237896075472234,46.345073115825656,2.9037120908498766
97,198656,5,482.16387249537377,747.5771568466024,-0.016699297033483163,101.41808254718781,2.911496511101723
98,200704,4,725.3270801112278,507.92907976077095,-0.014251184766180813,82.74060277938842,2.9241035759449003
99,202752,7,422.7568403916779,62.52860738525001,-0.017322241386864334,166.15976252555848,2.9208320409059523
100,204800,4,471.21936965421696,714.7242435157256,-0.015538921603001654,42.39709488153458,2.9233684957027437
101,206848,5,578.6461936948918,272.00546649632093,-0.012126176769379526,93.73311091661454,2.946392697095871
102,208896,6,468.98646899985096,70.82868047725914,-0.02068998316535726,122.21554536819458,2.9652235835790632
103,210944,4,381.0117867536611,955.4778705366459,-0.015442289062775671,91.47950187921523,2.9607253164052962
104,212992,4,639.8945440663604,933.9834144205358,-0.01690490617766045,64.69513245821,2.963096076250076
105,215040,5,657.7835570345003,321.4290272430533,-0.01569495362928137,62.02526581287384,2.9668223530054094
106,217088,3,857.9355953408558,376.64630899455443,-0.013544815720524638,19.22614459991455,2.978271371126175
107,219136,4,670.189189957771,163.54809765238105,-0.003672110429033637,26.17359127998352,2.9813059121370316
108,221184,3,739.7571370290956,604.3275303613478,-0.009501992102013902,10.435251921415329,2.9788518458604814
109,223232,4,576.2108495323379,777.1811010645421,-0.008378234459087253,50.58245328366756,2.974342831969261
110,225280,5,635.0841080113262,131.71728625240974,-0.013155463000293821,106.56361796855927,2.9805266737937925
111,227328,3,617.0764739183854,894.4025259615343,-0.014961867762031034,16.640290775895117,2.9857089459896087
112,229376,6,536.0147640265371,292.1539082124311,-0.014439787715673447,66.89964380264283,2.9926647007465363
113,231424,4,729.368129874106,121.84199236345948,-0.015547120745759457,14.33741192817688,3.0007760286331178
114,233472,3,451.73914337235436,962.1429168381943,-0.008128347992897033,92.78883731365204,2.9929033517837524
115,235520,6,470.2697969858823,643.7748567900571,-0.020831019361503424,75.27933316230774,2.9928070306777954
116,237568,4,761.9420222673616,324.65060006084934,-0.016168085276149213,16.94941748380661,2.9895132333040237
117,239616,5,494.1383845008786,425.3552990380647,-0.015848341677337886,71.7124532699585,2.9950305044651033
118,241664,5,523.0982014761662,303.58145842596684,-0.01644316033634823,119.36248116493225,2.9960655480623246
119,243712,8,291.62930458935523,542.1521707893282,-0.016683978273067623,207.94451189041138,2.9971778094768524
120,245760,6,418.9487593316081,581.5114030382475,-0.01398840812034905,103.2246547460556,2.997491681575775
121,247808,4,778.8190083527735,181.03892853303233,-0.008299865736626088,15.710761296749116,2.9972569227218626
122,249856,6,444.02768549265255,162.9679035891524,-0.016485645028296858,94.59662256240844,2.992129218578339
123,251904,8,227.54781771908088,708.0486294902787,-0.01616887357959058,196.84297103881835,2.995754677057266
124,253952,4,707.7043931911628,318.7844684640148,-0.012166982336202637,44.76248504519462,3.0098990350961685
125,256000,6,403.51184634733653,393.3313356854792,-0.01860864016925916,106.69194006919861,3.014907604455948
126,258048,7,338.8484809815221,536.7404187519926,-0.016822050645714626,168.38176136016847,3.01954625248909
127,260096,4,775.9532281888526,59.74901274645095,-0.013198208931135014,32.94232133626938,3.0211315602064133
128,262144,5,520.8906704157965,170.8736663612719,-0.01022378474008292,126.93428466320037,3.0263066709041597
129,264192,3,808.1602132899611,416.33965533736625,-0.00820725726080127,16.954785054922105,3.0288710057735444
130,266240,3,724.0692224789831,852.278512257232,-0.002139718399848789,34.27390692830086,3.035536852478981
131,268288,4,809.5029431953116,166.01033139616874,-0.011544691730523481,35.4612441778183,3.0323191404342653
132,270336,6,407.4489446811305,467.8500668837259,-0.012305394330178387,221.56553373336791,3.0381638526916506
133,272384,5,400.9145258773259,856.929048602579,-0.020225156884407625,54.43601430654526,3.0420787185430527
134,274432,5,636.3836252927608,333.6294225851027,-0.012369069119449705,88.45869164466858,3.0469951182603836
135,276480,6,474.62244174360967,77.0393054881732,-0.0165955604868941,51.2589512348175,3.0645930618047714
136,278528,4,480.1861628558189,589.2909749733683,-0.01644487006124109,134.89528660774232,3.065190902352333
137,280576,5,570.507661526902,267.5212395074239,-0.014493931940523907,60.08970341682434,3.0551701486110687
138,282624,5,505.4380206666341,358.9554925200065,-0.016225473041413353,49.14306478500366,3.0605782210826873
139,284672,5,496.0284934564993,318.7168258005777,-0.011391481809550897,75.72869019508362,3.067908099293709
140,286720,7,356.18203520191025,402.03130547148567,-0.009229549329029396,119.89365406036377,3.0646582394838333
141,288768,5,486.6368753397558,426.2183655522157,-0.007721809874055907,81.26053266525268,3.067462480068207
142,290816,6,457.05749931989436,212.2568706024389,-0.0134929540916346,87.38210589885712,3.060029634833336
143,292864,2,976.99306103772,797.6591951130872,-0.003029726108070463,14.920063671469688,3.061767426133156
144,294912,5,602.5158033505138,395.9103639449679,-0.008592175040394067,63.15599009990692,3.056045889854431
145,296960,5,379.54870097589554,956.8046833911004,-0.012237714527873322,64.77125480175019,3.0717013120651244
146,299008,4,634.6886007895844,663.6059785983279,-0.013816701661562547,71.44056146144867,3.070899611711502
147,301056,10,315.8663323285134,165.36207650317016,-0.020845561905298383,182.53321795463563,3.0612556755542757
148,303104,4,628.8200523991857,361.3902135381836,-0.011896890049683861,42.2688090801239,3.060164624452591
149,305152,7,425.50416849349676,35.13827515721877,-0.020445089487475344,156.28714990615845,3.059576141834259
150,307200,5,361.1669581641314,797.5182967355887,-0.014876656146952882,106.74324908256531,3.0493356853723528
151,309248,4,665.5508498804984,498.0381767505583,-0.011174878990277647,224.07075309753418,3.0419135987758636
152,311296,4,674.3221796578555,275.1763623500182,-0.017018329136772082,39.1876091837883,3.0338276654481886
153,313344,4,696.6066415995344,18.827780875902448,-0.011638355953618885,45.490527576208116,3.0218517929315567
154,315392,3,901.4964611650536,47.401793104814416,-0.011245134321507066,24.873320835828782,3.0142081558704374
155,317440,5,453.62680713737626,493.86674712192513,-0.014037853793706746,184.15682020187378,3.0146344721317293
156,319488,3,1008.2410636037862,1.436623080522503,0.006516578129958361,6.978117081522941,3.011868032813072
157,321536,3,787.842729650784,318.05598666324727,-0.006486462784232571,30.485697507858276,3.004312884807587
158,323584,4,569.0568508841814,727.3797607114736,-0.015258822846226395,26.557097911834717,3.0005192905664444
159,325632,5,682.6486764759251,25.875599530124887,-0.009740531578427181,69.44878997802735,3.0150069892406464
160,327680,4,561.1378134321014,441.00005471438647,-0.015308977442327888,77.20498361587525,3.0246553093194963
161,329728,4,542.0612817397537,690.6290510013915,-0.009573462337721139,141.78184766769408,3.0196767270565035
162,331776,4,792.8547086015138,21.198752119972628,-0.01553583720815368,33.9302758872509,2.9990183085203173
163,333824,5,434.8504990577911,512.3450610430361,-0.015163093304727227,96.82996335029603,2.981220173835754
164,335872,6,471.982475801268,282.41679115952695,-0.01181781047489494,176.3386591911316,2.9782025694847105
165,337920,3,716.3843255072665,832.6210543801844,-0.00587482227711007,23.999702963232995,2.9795817166566847
166,339968,3,1084.818941868018,409.66738894847765,0.0026862137601710856,8.896253997087479,2.992374262213707
167,342016,6,453.87448162104874,321.0678713180505,0.0028065594553481786,101.79151084423066,3.014641612768173
168,344064,6,443.22530608593934,319.62844725239984,-0.014229417382739484,148.310578417778,3.01834951043129
169,346112,5,447.4238945233052,780.693290213943,-0.01571120842709206,76.29362977743149,3.019605502486229
170,348160,4,760.2272870923898,469.18970551308223,-0.015197977729258128,82.24257395267486,3.0066504031419754
171,350208,5,512.6662761694372,659.5377594982207,-0.007557504723081365,27.487639078497885,2.9914324462413786
172,352256,4,802.5380309638115,148.36161445157708,-0.011392201215494424,133.1148004055023,2.9898691147565843
173,354304,5,509.4106990436941,187.89866112480894,-0.0124188672285527,133.3644446849823,2.988333398103714
174,356352,4,432.0550926045844,944.5612026839777,-0.015358187782112509,37.9770672082901,2.9742085129022597
175,358400,5,723.5141829780875,121.261837353019,-0.01783190217684023,25.606797790527345,2.9686886042356493
176,360448,4,476.798548704808,660.1063782043757,-0.013941839089966379,92.66510813236236,2.97449089884758
177,362496,5,607.8706960018493,68.87187323323609,-0.015091693901922554,81.74490976333618,2.97912802696228
178,364544,2,1052.3375420731047,636.0626962872499,0.01441587129374966,1.4164720602333545,2.98498492538929
179,366592,6,519.5843415255198,139.7597094090122,-0.004239329582196661,77.80558632612228,2.9828235149383544
180,368640,4,678.7997936519467,24.08475134609059,-0.013871032214956358,56.8960675239563,2.9890772670507433
181,370688,5,473.68457567854955,332.5760712159122,-0.01713082953938283,88.15939335823059,2.9848550647497176
182,372736,5,594.8865909635712,55.00743358120561,-0.012349262327188627,56.191352581977846,2.980224904417992
183,374784,3,832.1422713279477,199.0053844658249,-0.013208901614416391,32.337368512153624,2.980900564789772
184,376832,3,826.80052605214,293.3475092402465,-0.01055058227502741,83.20688799619674,2.9761264234781266
185,378880,4,734.2404892296872,37.07963097890231,-0.01694938628061209,8.454592542350293,2.9699712604284287
186,380928,3,664.8144089148532,514.3619067781525,-0.010719120997237042,16.862265366315842,2.9536550134420394
187,382976,4,533.0483680417422,919.2320436802804,-0.017316861392464487,44.882747769355774,2.936239179968834
188,385024,4,664.2422784208311,843.5875069109384,-0.014302672527264804,79.1236227273941,2.927124187350273
189,387072,3,879.462476724983,739.9118775998037,-0.009410028014099226,4.635916063189507,2.9220175415277483
190,389120,4,818.5226787384855,4.381592701656807,-0.00958771632576827,35.53733277320862,2.917452651262283
191,391168,5,494.44379308821397,64.07944054064582,-0.011400162149220705,84.7675755262375,2.9267478764057158
192,393216,4,542.038699184714,659.838651516308,-0.012497816269751638,37.233871734142305,2.934186005592346
193,395264,3,992.8235493114292,167.50154269944113,-0.01097510834224522,5.831274747848511,2.9318169713020326
194,397312,5,464.90130170444183,416.35173472305405,-0.0041452472913078965,89.94973659515381,2.93136967420578
195,399360,5,585.2671994380498,38.72920310585725,-0.01755583136691712,29.34350472688675,2.931626769900322
196,401408,4,471.3075802424371,804.2317635972375,-0.012729112134547905,42.331026166677475,2.9332947462797163
197,403456,4,744.8868280456524,235.4334397075128,-0.010330512921791523,55.441863882541654,2.9381053924560545
198,405504,3,704.2613001170729,828.1984669185596,-0.011029766011051833,42.14524945616722,2.9362876415252686
199,407552,3,805.4422248586429,965.9102871347562,-0.0146960990736261,8.82960941195488,2.9366007089614867
200,409600,5,698.9457808247685,60.17287683669835,-0.019215620483737438,21.72069278359413,2.927425187826157
201,411648,3,849.4389849806054,124.07000614832195,-0.004953664890490472,10.127521279454232,2.9114964216947556
202,413696,7,406.80990894933313,29.956913227848336,-0.00814707115641795,222.758224773407,2.9124531537294387
203,415744,4,506.5606246771652,454.2468272662858,-0.014380312990397215,61.253606903553006,2.91303933262825
204,417792,4,763.7100431973013,157.89228847183475,-0.011229956417810171,61.53903248310089,2.9089908480644224
205,419840,3,752.5893403552385,525.6925366464437,-0.011063451023073868,34.70327861011028,2.9105291843414305
206,421888,4,753.2816512805553,151.29790664763127,-0.015341134491609409,71.92028685212135,2.905571159720421
207,423936,5,452.89626459258926,635.2700942130157,-0.015139226667815819,115.52569479942322,2.900382363796234
208,425984,7,467.2865116583675,8.30196131245838,-0.01070368665677961,121.52874028682709,2.898964726924896
209,428032,4,432.76742642812815,723.6434907135456,-0.01880762331711594,100.86583791971206,2.8971983432769775
210,430080,7,402.13498759653004,485.0265961104621,-0.01645278797368519,99.9556554555893,2.8924123495817184
211,432128,6,404.6827587223698,679.4956347328981,-0.011485272203572094,83.2363336801529,2.892776358127594
212,434176,7,471.64505794426975,62.559630860754986,-0.014057015444268472,97.3393625497818,2.885317388176918
213,436224,3,847.5676566097253,241.72836176087006,-0.005913952106493525,8.868461473286152,2.8709002494812013
214,438272,4,657.3603934505445,356.4182992271183,0.005180201755138114,54.115417152643204,2.8465243726968765
215,440320,3,827.607334747354,487.2826733414787,-0.012061527697369456,19.82994955778122,2.8436644047498705
216,442368,4,652.4897878235872,464.91743524653333,-0.015398887672927231,162.41894421577453,2.8405542731285096
217,444416,5,539.9471233735499,402.4474155866778,-0.020206761214649305,12.12682774066925,2.8440078854560853
218,446464,3,685.0307554125219,1056.03745402588,-0.006307567696785555,30.60614921450615,2.836963677406311
219,448512,7,481.14361292829847,399.42711156592674,-0.015580396458972245,117.1575217962265,2.8387168288230895
220,450560,5,537.658176321962,406.5575165003665,-0.013577032083412632,90.58923604488373,2.847242745757103
221,452608,5,446.32979933309616,735.973567231471,-0.014677278063027188,61.16107318401337,2.8571245223283768
222,454656,5,684.3340274796077,115.85591715520675,-0.0024672946194186805,12.44651184976101,2.862653914093971
223,456704,3,735.5348721912978,751.4405098696561,-0.009406761592254042,5.600234740972519,2.8972153842449186
224,458752,3,890.5890381792115,808.9304226426547,-0.009817880275659264,7.635816043615341,2.9328524500131605
225,460800,5,627.3370686835785,350.736256061473,-0.013030256345518864,145.78296135663987,2.9394157320261
226,462848,5,544.7008345660922,274.27989494975657,-0.016737037664279343,78.32462503910065,2.9442706823349
227,464896,3,891.403318513494,340.4821645850761,-0.014053671440342442,58.064765179157256,2.944938549399376
228,466944,6,432.0447188683093,409.55321195118955,-0.014594184060115367,94.6443581700325,2.9438243329524996
229,468992,5,471.32292780649504,500.171465915399,-0.018018050972023046,98.22054743766785,2.9368766993284225
230,471040,4,560.4850921731495,700.1777477923583,-0.014346124714938924,60.594019818305966,2.923370283842087
231,473088,4,701.3076810140207,546.4328083693234,-0.013607454433804378,47.611699402332306,2.902384155988693
232,475136,5,631.7621058707671,14.074476914104496,-0.01658105521928519,132.1530924320221,2.908155918121338
233,477184,3,900.303242980951,102.5916184082802,-0.015188430692069233,17.1903514534235,2.906613993644714
234,479232,4,631.8121932060981,166.1738518800949,-0.014365828825975768,36.02787858247757,2.898003286123276
235,481280,4,662.0715844190248,220.82624155179403,-0.01259764253627509,58.567997777462004,2.8885033309459685
236,483328,3,852.072890625,408.28271763992694,-0.008446746662957593,8.757278943061829,2.8743076771497726
237,485376,6,456.6475659682848,211.818507359727,-0.004175128118367866,122.87327587604523,2.856409582495689
238,487424,2,1019.5533207752433,807.5940062452606,-0.0006683874642476439,9.696174140274525,2.8580094665288924
239,489472,4,788.4133377564522,248.22127162710086,-0.005662046757061034,53.96400853395462,2.8572507590055465
240,491520,4,501.3141129850647,825.9832725610206,-0.012778611882822588,72.4726589679718,2.866406100988388
241,493568,4,730.7205879223017,608.3653916093953,-0.008618654654128477,46.34701429009438,2.8630884498357774
242,495616,4,585.2390783109134,997.9761391255141,-0.01626704289810732,54.62293223142624,2.8641429275274275
243,497664,3,920.953949855681,589.195174744782,-0.009863404650241136,7.534873738884926,2.8648525714874267
244,499712,3,841.2810156579303,825.647184579266,0.0015702826669439674,72.10103721618653,2.8656918108463287
245,501760,4,782.7982131977263,452.0846778550944,-0.013689274352509528,91.5726667523384,2.872659942507744
246,503808,3,854.0060635545778,572.1410397448077,-0.014265339239500463,27.27206908464432,2.871422824263573
247,505856,3,1066.189506045399,92.24256115855106,0.00131762441014871,7.455911007523537,2.8744403064250945
248,507904,4,452.18458422798807,1043.3455868073588,0.004501597594935447,152.758948802948,2.8981028109788896
249,509952,4,893.8771688743518,159.3527998733494,-0.01218726504012011,10.032436099648475,2.8889868378639223
250,512000,4,583.9844134675125,220.0330826032455,-0.011890453769592569,9.744185948371888,2.8699482083320618
251,514048,2,1050.1572574226411,832.2973633372486,-0.0021946191031020136,4.3640338510274885,2.854110586643219
252,516096,6,548.9045971107785,203.30002750865043,-0.006112972798291594,161.70566334724427,2.8463568836450577
253,518144,7,370.8242549976185,263.1325712422407,-0.013663216651184484,157.64636783599855,2.8453871995210647
254,520192,3,679.2181527853933,931.2350504346434,-0.013680584842222742,31.719821533560754,2.850983610749245
255,522240,5,682.5882713584119,63.98282671308547,-0.01013853313634172,74.31556635499001,2.855831190943718
256,524288,8,337.13260215216485,73.69460544033268,-0.009406016379944048,276.53406143188477,2.862290805578232
257,526336,6,400.6912436837459,381.9754776859419,-0.017695249564712866,76.43938360214233,2.8644799530506133
258,528384,3,647.9686411283828,972.5405982601076,-0.01079865767096635,27.31452033519745,2.8660962134599686
259,530432,4,864.5250274637617,191.782251091577,-0.014308613463072106,19.019176426529885,2.8658740162849425
260,532480,4,523.6303457418841,882.935519107961,-0.014993351162411272,34.65318475961685,2.8700410693883898
261,534528,6,399.8271277860437,828.7906482201065,-0.0164380572270602,125.02745674848556,2.875035214424133
262,536576,5,696.4113979616471,76.06886789540538,-0.014082044886890799,64.42279766798019,2.8715093076229095
263,538624,6,344.9120717374756,806.7301402138918,-0.014083102555014193,113.01426491737365,2.862633240222931
264,540672,4,790.0590055776258,274.3005069048019,-0.013096444922848605,60.81143560409546,2.8611944377422334
265,542720,4,651.7679604100468,134.38512785797818,-0.01245232515502721,14.570804339647292,2.862254023551941
266,544768,2,910.2506592687339,891.947147858886,-0.014188726636348292,39.30522068738937,2.8719089895486833
267,546816,5,702.4074306929015,104.0854861447136,-0.013287191453855485,37.8321037530899,2.874327743053436
268,548864,3,679.8113944380287,514.7442292318851,-0.015853897714987398,15.004815053939819,2.8705063313245773
269,550912,5,463.82125002516585,808.8250415338741,-0.014252646139357238,120.46850936412811,2.860445353388786
270,552960,8,386.0711440969736,62.94651555398633,-0.01806460090447217,119.19710373878479,2.853600835800171
271,555008,5,488.51201808564656,148.3091610650271,-0.013705238013062625,88.86167345046997,2.847165858745575
272,557056,3,665.4964911782297,872.1292506788812,-0.0062717797874938695,9.828882962465286,2.82781004011631
273,559104,4,812.5930762537353,226.9521338031952,-0.011680141868419014,17.731575703620912,2.8058452516794206
1,2048,5,233.32741560436352,92.88916191053143,-0.011728068464435637,185.4690382003784,2.9315212279558183
2,4096,7,104.71843932437923,234.17860946918762,-0.011348946299403907,125.55516490936279,2.926321855187416
3,6144,7,168.0652386243432,446.8643333655047,-0.016583537103724667,125.76340618133545,2.9337552189826965
4,8192,5,365.0719148105045,133.521830518216,-0.016266222205013038,106.62766056060791,2.928444468975067
5,10240,5,303.05531349946807,51.51548428305698,-0.018376714445184916,107.72173399925232,2.9236855149269103
6,12288,4,286.36116209014455,307.6066119191679,-0.01202057630289346,109.050297164917,2.919018965959549
7,14336,8,130.56637457877648,82.31975785700723,-0.01651569910463877,112.86589832305908,2.938907191157341
8,16384,6,183.79276150292912,261.10751099444695,-0.0071715808939188715,84.53986768722534,2.956452390551567
9,18432,3,329.72415502047966,299.40330115471573,-0.0070372334856074305,84.89324502944946,2.9349129498004913
10,20480,6,293.8132478471775,9.155586159460885,-0.018264476873446255,99.96894040107728,2.930555084347725
11,22528,3,483.90716422094437,96.40649115443281,-0.00915146255865693,56.035773229599,2.946925604343414
12,24576,8,150.11730452866465,256.13292005005115,-0.010356728662736714,143.46227083206176,2.95894712805748
13,26624,9,134.86065429054105,49.16783066885515,-0.018906598509056495,164.44254150390626,2.960464519262314
14,28672,6,207.0116039764409,94.09757603444162,-0.014013402367709205,107.6808819770813,2.96983645260334
15,30720,5,197.58520232459637,89.6232414415594,-0.0028015919495373966,25.695825386047364,2.9755223244428635
16,32768,6,133.5069372122376,394.9788655974154,-0.012035519018536434,145.19442143440247,2.9778992384672165
17,34816,7,129.84517477755966,26.030996240989005,-0.015531854791333899,41.41001024246216,2.9740194112062452
18,36864,4,259.4426756375341,594.8831437276082,-0.008849617833038791,19.89980195760727,2.9639836698770523
19,38912,6,396.24928343722695,10.888866872581822,-0.010045938927214592,94.12164916992188,2.9550593376159666
20,40960,6,179.0233034700756,179.72919885081214,-0.014713184250285848,108.5111257314682,2.9607078045606614
21,43008,4,202.97651102528565,567.1191538862007,-0.010775009420467541,78.69389164447784,2.9630449920892716
22,45056,5,298.38698819220195,249.89685720699694,-0.014684348693117499,108.63406400680542,2.9580179810523988
23,47104,5,267.66413272444294,165.31251233975303,-0.018091883382294328,113.58891172409058,2.9537590742111206
24,49152,6,192.32195505955667,342.0244784002969,-0.013586439707432873,198.77628402709962,2.9458012253046038
25,51200,6,166.28328044206697,540.8969582965777,-0.01765834804973565,97.76243479251862,2.940556275844574
26,53248,5,352.994371164408,95.232223978783,-0.002281913976185024,63.93864389657974,2.9511104255914686
27,55296,3,594.8741345420254,468.73169648959794,-0.006933988243690692,11.639246195554733,2.997948282957077
28,57344,6,208.6830351976632,355.03194628449364,0.0022395569947548212,155.26166472434997,3.027212616801262
29,59392,5,279.40019639747015,93.6391333004753,-0.012084018072346225,75.38651216030121,3.0352698147296904
30,61440,3,397.83052332140824,321.95458881871195,-0.01587135341251269,60.19284374713898,3.050887754559517
31,63488,9,226.18543554641857,234.75920217411843,-0.018904182215919718,215.10327825546264,3.0540659755468367
32,65536,5,442.6136272722318,183.64678183517168,-0.01570816751336679,129.60183215141296,3.0600692331790924
33,67584,9,141.07408404452607,94.75724807972958,-0.016764478385448457,140.1047712802887,3.0638999223709105
34,69632,5,156.89111462019477,215.52436309574412,-0.01520203975669574,101.2801504611969,3.0695687979459763
35,71680,5,267.03311477568985,91.40368277834693,-0.015591733586916234,86.732257437706,3.0699410438537598
36,73728,7,221.51100394927215,91.40912709736689,-0.01038919665152207,171.69036931991576,3.064615786075592
37,75776,3,418.0260870133161,514.6303799108197,-0.014821190934162587,53.96783721446991,3.0518732190132143
38,77824,4,305.6916295318078,664.4428832190189,-0.021022611790976954,52.605865681171416,3.0231771796941755
39,79872,7,278.7268485695618,78.98074765042342,-0.01359321785857901,86.46063814163207,3.0106573790311812
40,81920,6,306.08908568557996,211.4434956106582,-0.017582018981920557,137.6706461906433,3.0043759047985077
41,83968,7,219.82763406981053,95.37046091807619,-0.015774302824866027,244.44735717773438,3.005205887556076
42,86016,4,289.98356146481905,584.1507397996077,-0.013981867827533278,48.89810857772827,3.0137450486421584
43,88064,5,306.34134998882496,89.82632698876849,-0.012281061295652762,58.3281448841095,3.023874819278717
44,90112,7,32.22475978594695,494.37889762242077,-0.014556310669286176,158.7190791130066,3.021062803268433
45,92160,5,297.8242597631658,385.38189733525354,-0.012517380079953,52.04611078500748,3.0222852140665055
46,94208,7,195.25314449725224,94.29042921739541,-0.01761960064759478,78.43323690891266,3.0246811151504516
47,96256,11,83.27910357418224,111.65478304532401,-0.016019910061731934,221.8978597640991,3.0046254456043244
48,98304,5,84.43462342520156,448.76488428335574,-0.009231744124554098,56.78649668693542,2.9846494138240813
49,100352,4,501.8594977743554,289.3374495363458,-0.0016119425243232399,26.51730786561966,2.9679777354001997
50,102400,3,652.7542360850786,361.4867144624572,0.0025278344575781373,14.846290361881255,2.939770320057869
51,104448,4,473.59094975207984,128.69751585446787,-1.5392189379781484e-05,11.27799089550972,2.893095976114273
52,106496,5,226.01790492324554,545.0333213029545,-0.013658982928609476,49.808414006233214,2.890036728978157
53,108544,6,350.549800756055,88.05501401851245,-0.014367394417058676,71.0015464425087,2.887626314163208
54,110592,5,201.96765244118507,19.75634596675466,-0.005676076433155685,6.686540970206261,2.8897421449422835
55,112640,5,306.1196483613312,99.99154906452732,-0.002168856735806912,190.23136472702026,2.895925524830818
56,114688,5,248.75280551312963,593.2719148181477,-0.01463604075834155,32.20005596876145,2.8856036484241487
57,116736,8,176.35516308295172,687.3599535112133,-0.01498715898487717,157.75090169906616,2.8782331883907317
58,118784,6,354.8413523330598,93.4293171930319,-0.011888968970743008,68.21359691619872,2.8825200259685517
59,120832,4,451.55618025772407,90.06868994377173,-0.013053639972349628,62.38874111175537,2.8773598045110704
60,122880,4,270.5057510298625,393.2559324704024,-0.01260943157831207,17.394527131319045,2.8741858810186387
61,124928,5,366.5573099641371,884.1559352342515,-0.018746225006179885,69.29897091388702,2.87890419960022
62,126976,7,344.9059845860027,29.972594964684024,-0.014955857102177107,71.66304662227631,2.8687885016202928
63,129024,7,271.0570901881623,143.6428601797886,-0.018352021148893984,165.96965980529785,2.854241129755974
64,131072,4,256.8858290404428,158.87643033373587,-0.01445164899341762,108.02460125684738,2.8540769279003144
65,133120,2,856.3394652406888,650.6793301315057,0.0010313695180229842,16.631794837117194,2.845946541428566
66,135168,6,292.9404235600336,92.39410331023656,-0.00846161610679701,146.14063329696654,2.826612612605095
67,137216,3,260.76283171469385,714.7598700017014,-0.014713655482046306,30.897026884555817,2.8215577632188795
68,139264,7,238.0320382048399,111.75391677982239,-0.014637960965046659,143.99023895263673,2.808101350069046
69,141312,5,202.1474793526932,418.3650876605018,-0.013073308777529746,41.93648902177811,2.8159673750400542
70,143360,8,240.25151589218788,88.52489735539872,-0.01777241362724453,165.59125671386718,2.825299620628357
71,145408,2,763.7138343052493,604.9505423424051,-0.01126369219564367,31.102902138233183,2.8256222546100616
72,147456,3,788.2870106410641,93.69861402299354,-0.007666954415617511,24.684114652872086,2.826406705379486
73,149504,5,387.48187003298716,20.05097051899213,-0.012969206913840025,23.217113733291626,2.832239770889282
74,151552,7,123.51206093741921,79.668337494696,-0.010457186226267368,147.52629375457764,2.823275086283684
75,153600,3,642.0568147554326,101.00105279514626,-0.014254665892804042,63.816398239135744,2.827281242609024
76,155648,5,146.8501980059686,617.3267420203573,-0.010925542120821774,100.58514647483825,2.8322084128856657
77,157696,6,162.73995775150584,479.5168277479122,-0.015601521654753014,97.35381622314453,2.824500969052315
78,159744,4,452.62530138480247,788.7446787040931,-0.017665566696086897,56.63046399354935,2.823762997984886
79,161792,6,335.8855935799454,93.7910253379571,-0.019659271673299374,53.76813527941704,2.8339921325445174
80,163840,7,128.89148474488425,749.4889027256262,-0.013702790712704882,129.46922860145568,2.840689557790756
81,165888,7,382.6785069462181,24.209323288111413,-0.015357105410657823,63.32356011867523,2.8382367938756943
82,167936,7,185.04126176055166,91.56289861864437,-0.016658110241405667,98.0998000383377,2.8194409370422364
83,169984,4,296.6355417186194,366.6000331105253,-0.013563954405253754,130.83770713806152,2.8100289583206175
84,172032,4,475.64298699065057,90.71689274941727,-0.01385061796172522,111.3892796278,2.7955210596323012
85,174080,4,306.3485747768847,89.26696534409449,-0.005548118602018803,6.400361493229866,2.7865315794944765
86,176128,4,483.77341237914004,42.85606492262055,-0.0012638837390113622,29.02448504567146,2.780619886517525
87,178176,4,271.7220170046843,711.6034151843639,-0.015271739446325228,82.15155439376831,2.7676753252744675
88,180224,5,427.1102738088035,493.2458496634121,-0.012883929698728026,81.5379280924797,2.762811854481697
89,182272,5,451.59508540147556,31.43053565617645,-0.015468309342395514,44.18631600141525,2.7629953265190124
90,184320,3,278.81920638750336,750.6357140263656,-0.0014824823709204793,8.403497433662414,2.742754355072975
91,186368,3,677.3157552751833,731.8158354757852,-0.004704055463662371,8.814860343933105,2.7424565702676773
92,188416,4,501.9151709440808,774.4199312278697,-0.007851222256431357,17.977257496118547,2.745084011554718
93,190464,7,408.8662600552245,55.418973652751184,-0.012985352100804448,167.43120939731597,2.7377102464437484
94,192512,3,563.6866945824212,535.3830807770902,-0.009719169451273046,41.18598346710205,2.7330526053905486
95,194560,4,479.0231426789608,659.2123084144995,-0.013962092634756118,53.45221182107925,2.733195129036903
96,196608,4,728.5105668248791,195.25286076806452,-0.008494311291724444,31.832238042354582,2.737616503238678
97,198656,3,297.5262298467314,497.44464176796714,-0.015242480934830382,150.670242023468,2.7404511719942093
98,200704,5,303.82716881088834,1031.8753893898815,-0.011621281484258362,89.63266832828522,2.741373148560524
99,202752,4,661.4938796722129,460.0565675039619,-0.01118461725418456,54.395455265045165,2.7329560786485674
100,204800,5,414.13333759422693,229.1836710005884,-0.015552103974914643,67.74390590190887,2.7198569148778917
101,206848,4,239.94260839451198,1036.5166469142316,-0.01826432693633251,76.54601755142212,2.708946108818054
102,208896,7,424.76678094623094,76.29105303047258,-0.016134787036571653,87.73122469186782,2.6964963883161546
103,210944,4,528.4147953050322,49.910152745921934,-0.014413187158061192,46.66270470023155,2.704961496591568
104,212992,7,34.967678005691894,107.86667959908364,-0.01897260095574893,100.87389588356018,2.716391274333
105,215040,6,257.20247818875947,320.91927627177466,-0.012341186695266515,73.7673329591751,2.711710262298584
106,217088,5,201.26528226936693,196.88020124609986,-0.005839984587510116,12.766955977678299,2.6833259224891663
107,219136,7,186.39912381118515,97.42190387486713,-0.013129173236666247,82.77405548095703,2.6555337011814117
108,221184,3,697.6059741345011,92.81812789377594,-0.01731389268534258,33.3327978014946,2.6545576810836793
109,223232,7,203.0301234137112,85.89074554050056,-0.010811103222658857,181.33516411781312,2.6572724521160125
110,225280,3,531.3539277036439,472.1394425536307,-0.007452652417123317,77.78793951272965,2.657505452632904
111,227328,5,397.1606254940026,38.48214800873212,-0.011077625623147468,107.33347597122193,2.648424869775772
112,229376,7,234.34779056063,2.7224386757503813,-0.018943776946980507,132.54584083557128,2.644152045249939
113,231424,7,297.7136657593061,437.4530951755116,-0.017489829781698062,154.43658590316772,2.6372265934944155
114,233472,5,428.26190034454805,84.6260910709309,-0.00358224727679044,26.969571316242217,2.633440873026848
115,235520,3,585.3896882164414,822.4714558729893,0.009109756769612431,79.99346454143524,2.6570876806974413
116,237568,4,465.44311808346697,643.5400095507046,-0.006451205600751564,8.423105818033218,2.6573805183172228
117,239616,7,328.4349153800236,319.982813982505,-0.013514049991499633,93.19462144374847,2.6564629048109056
118,241664,2,739.7472767983379,581.5814629642633,-0.007636645471211523,82.1658718585968,2.6517932802438735
119,243712,6,355.98663225769343,68.62750094476995,-0.014668887271545828,56.09788587093353,2.6389838814735413
120,245760,4,231.9123541575333,493.70690762132443,-0.018178363633342087,61.25214032530785,2.6392162799835206
121,247808,5,373.19930862876066,567.5709857112241,-0.009786195104243233,101.17228927612305,2.640491670370102
122,249856,9,108.05165880104818,92.63857570171871,-0.015976313035935163,179.6934693336487,2.6371317893266677
123,251904,8,168.34761719799235,99.00632916589926,-0.014936457204748876,192.77983775138856,2.6348021537065507
124,253952,4,55.964125217874795,824.8463846875643,-0.010995446029119194,41.96394947767258,2.635114958882332
125,256000,6,382.31949341743535,102.5423176257715,-0.008529680303763599,67.20853554010391,2.628708744049072
126,258048,7,8.097314040962189,900.5826802457791,-0.013663744367659093,90.19890084266663,2.631331342458725
127,260096,4,489.07757106472843,590.0513408680202,-0.00768801748054102,31.215228885412216,2.6354370713233948
128,262144,6,441.6502905602697,73.22838841479694,-0.014754452701890842,68.52315113544464,2.6302554994821548
129,264192,2,1078.7304558540432,623.5582778464284,0.007420098851434886,4.568609097599984,2.631059432029724
130,266240,5,397.1881476858245,52.430075367591805,0.0018076719250530004,4.249695557355881,2.639476352930069
131,268288,6,55.87738642523609,810.1344754230215,0.001815374183934182,133.4093719959259,2.6661658078432082
132,270336,4,619.9264709680884,183.60175896241057,-0.012265043071238324,39.88314627408981,2.678395426273346
133,272384,3,702.9880083307667,526.7473241887589,-0.012538071849849074,57.11506761312485,2.6816692650318146
134,274432,5,495.9191299226994,366.72873482458766,-0.013078166818013414,72.50500206947326,2.6740547150373457
135,276480,4,637.4697184770348,31.34915744748071,-0.012912689725635574,46.60697113871574,2.670973089337349
136,278528,3,368.4323611969584,639.8893687514022,-0.01372112221433781,36.47275286912918,2.661035677790642
137,280576,3,1102.2552080377766,93.02109055272419,-0.008394704252714292,9.929453343153,2.643847146630287
138,282624,4,276.57809802312477,959.7231217030793,-0.008331392676336691,58.48986432552338,2.616014188528061
139,284672,4,683.3270220631747,511.1834425383824,-0.011499090970028191,56.12950023412704,2.607044294476509
140,286720,6,171.48748549768652,792.6850675420584,-0.01752650721464306,50.507916963100435,2.6083366304636
141,288768,5,593.6532164064777,88.40268402648205,-0.012462630180380074,115.62618427276611,2.615260210633278
142,290816,5,286.71254678918757,775.3709300610573,-0.01604935301002115,108.8860149860382,2.6096869736909865
143,292864,6,209.62380637354647,617.8154344673328,-0.014167190133593976,32.16983275413513,2.6107987850904464
